﻿{"cameraMode":{"drawMode":0,"name":"Shaded","section":"Shading Mode"},"sceneLighting":true,"audioPlay":false,"sceneViewState":{"showFog":true,"showMaterialUpdate":true,"showSkybox":true,"showFlares":true,"showImageEffects":true,"showParticleSystems":true},"in2DMode":false,"pivot":{"x":-2.5068554878234865,"y":-30.531442642211915,"z":77.71530151367188},"rotation":{"x":-0.17043514549732209,"y":-0.02422342076897621,"z":0.004190446343272924,"w":-0.9850622415542603},"size":94.00912475585938,"orthographic":false}