﻿{"cameraMode":{"drawMode":0,"name":"Shaded","section":"Shading Mode"},"sceneLighting":true,"audioPlay":false,"sceneViewState":{"showFog":true,"showMaterialUpdate":false,"showSkybox":true,"showFlares":true,"showImageEffects":true,"showParticleSystems":true},"in2DMode":false,"pivot":{"x":-0.22043374180793763,"y":5.513031959533691,"z":-8.538396835327149},"rotation":{"x":-0.20874948799610139,"y":-0.012616616673767567,"z":0.002693674759939313,"w":-0.97788405418396},"size":15.498245239257813,"orthographic":false}